"full_name","no_of_rentals"
"Eleanor Hunt","46"
"Karl Seal","45"
"Marcia Dean","42"
"Clara Shaw","42"
"Tammy Sanders","41"
"Sue Peters","40"
"Wesley Bull","40"
"Tim Cary","39"
"Marion Snyder","39"
"Rhonda Kennedy","39"
"Daisy Bates","38"
"Elizabeth Brown","38"
"Curtis Irby","38"
"Tommy Collazo","38"
"Marsha Douglas","37"
"June Carroll","37"
"Brandon Huey","37"
"Elsie Kelley","37"
"Angela Hernandez","36"
"Roger Quintanilla","36"
"Justin Ngo","36"
"Russell Brinson","36"
"Alexander Fennell","36"
"Margie Wade","36"
"Rosemary Schmidt","35"
"Priscilla Lowe","35"
"Leslie Seward","35"
"Diane Collins","35"
"Harry Arce","35"
"Michelle Clark","35"
"Alma Austin","35"
"Lois Butler","35"
"Louis Leone","35"
"Naomi Jennings","35"
"Mike Way","35"
"Bobby Boudreau","35"
"Billy Poulin","35"
"Heidi Larson","34"
"Sherry Marshall","34"
"Gertrude Castillo","34"
"Ana Bradley","34"
"Joanne Robertson","34"
"Casey Mena","34"
"Minnie Romero","34"
"Brett Cornwell","34"
"Regina Berry","34"
"Hazel Warren","34"
"Jorge Olivares","34"
"Catherine Campbell","34"
"Carrie Porter","34"
"Steve Mackenzie","34"
"Martha Gonzalez","34"
"Stacey Montgomery","34"
"Jessica Hall","34"
"Morris Mccarter","34"
"Ralph Madrigal","34"
"Janice Ward","34"
"Melissa King","34"
"Crystal Ford","33"
"Jim Rea","33"
"Sherri Rhodes","33"
"George Linton","33"
"Shawn Heaton","33"
"Sara Perry","33"
"Warren Sherrod","33"
"Tanya Gilbert","33"
"Maria Miller","33"
"Bernice Willis","33"
"Arnold Havens","33"
"Judith Cox","33"
"Alex Gresham","33"
"Barry Lovelace","33"
"Joy George","33"
"Jessie Milam","33"
"Grace Ellis","33"
"Alice Stewart","33"
"Jacqueline Long","33"
"Guy Brownlee","32"
"Glenda Frazier","32"
"Charles Kowalski","32"
"Nathan Runyon","32"
"Virginia Green","32"
"Ethel Webb","32"
"Sally Pierce","32"
"Olga Jimenez","32"
"Leonard Schofield","32"
"Angel Barclay","32"
"Marjorie Tucker","32"
"Cynthia Young","32"
"Sylvia Ortiz","32"
"Arthur Simpkins","32"
"Lena Jensen","32"
"Gordon Allard","32"
"Veronica Stone","32"
"Frank Waggoner","32"
"Courtney Day","32"
"Mary Smith","32"
"Viola Hanson","32"
"Tom Milner","32"
"Helen Harris","32"
"Dave Gardiner","32"
"Mitchell Westmoreland","32"
"Javier Elrod","32"
"Harold Martino","32"
"Nicholas Barfield","32"
"Maxine Silva","32"
"Debbie Reyes","32"
"Tonya Chapman","32"
"Julia Flores","32"
"Neil Renner","32"
"Leroy Bustamante","32"
"Thelma Murray","32"
"Jeffery Pinson","31"
"Lawrence Lawton","31"
"Matthew Mahan","31"
"Christopher Greco","31"
"Patrick Newsom","31"
"Theodore Culp","31"
"Vickie Brewer","31"
"Duane Tubbs","31"
"Kristin Johnston","31"
"Lori Wood","31"
"Ella Oliver","31"
"Christy Vargas","31"
"Philip Causey","31"
"Zachary Hite","31"
"Darlene Rose","31"
"Shirley Allen","31"
"Gladys Hamilton","31"
"Mae Fletcher","31"
"John Farnsworth","31"
"Dianne Shelton","31"
"Ramon Choate","31"
"Holly Fox","31"
"Clarence Gamez","30"
"Michele Grant","30"
"Greg Robins","30"
"Manuel Murrell","30"
"Violet Rodriquez","30"
"Ronald Weiner","30"
"Kyle Spurlock","30"
"Sarah Lewis","30"
"Kathy James","30"
"Wanda Patterson","30"
"Cassandra Walters","30"
"Heather Morris","30"
"Craig Morrell","30"
"Gerald Fultz","30"
"Jordan Archuleta","30"
"Monica Hicks","30"
"Geraldine Perkins","30"
"Carolyn Perez","30"
"Theresa Watson","30"
"Joshua Mark","30"
"James Gannon","30"
"Mabel Holland","30"
"Joseph Joy","30"
"Wendy Harrison","30"
"Sharon Robinson","30"
"Ryan Salisbury","30"
"Troy Quigley","30"
"Terrence Gunderson","30"
"Marilyn Ross","30"
"Tracy Cole","30"
"Roberto Vu","30"
"Carole Barnett","30"
"Juanita Mason","30"
"Jeff East","30"
"Raymond Mcwhorter","30"
"Rosa Reynolds","30"
"Gloria Cook","30"
"Walter Perryman","30"
"Marcus Hidalgo","30"
"Salvador Teel","30"
"Ramona Hale","30"
"Marc Outlaw","30"
"Florence Woods","30"
"Stanley Scroggins","30"
"Isaac Oglesby","29"
"Julie Sanchez","29"
"Terrance Roush","29"
"Debra Nelson","29"
"Audrey Ray","29"
"Jamie Rice","29"
"Becky Miles","29"
"Jaime Nettles","29"
"Cindy Fisher","29"
"Miguel Betancourt","29"
"Nina Soto","29"
"Jerry Jordon","29"
"Ted Breaux","29"
"Maurice Crawley","29"
"Clifford Bowens","29"
"Amy Lopez","29"
"Steven Curley","29"
"Marion Ocampo","29"
"Herman Devore","29"
"Alvin Deloach","29"
"Roy Whiting","29"
"Terry Carlson","29"
"Cathy Spencer","29"
"Jennie Terry","29"
"Joe Gilliland","29"
"Deborah Walker","29"
"Michael Silverman","29"
"Hilda Hopkins","29"
"Byron Box","29"
"Teresa Rogers","29"
"Jimmy Schrader","29"
"Dana Hart","29"
"Clyde Tobias","29"
"Erik Guillen","29"
"Ken Prewitt","29"
"Todd Tan","29"
"Randy Gaither","28"
"Ruby Washington","28"
"Enrique Forsythe","28"
"Mario Cheatham","28"
"Lucille Holmes","28"
"Jennifer Davis","28"
"Esther Crawford","28"
"Bryan Hardison","28"
"Julian Vest","28"
"Patsy Davidson","28"
"Bill Gavin","28"
"Felicia Sutton","28"
"Reginald Kinder","28"
"Jason Morrissey","28"
"Derek Blakely","28"
"Andre Rapp","28"
"Nancy Thomas","28"
"Nora Herrera","28"
"Jeremy Hurtado","28"
"Lynn Payne","28"
"Jane Bennett","28"
"Dennis Gilman","28"
"Everett Banda","28"
"Sandra Martin","28"
"Edward Baugh","28"
"Gilbert Sledge","28"
"Nathaniel Adam","28"
"Ellen Simpson","28"
"Bessie Morrison","28"
"Tina Simmons","28"
"Jimmie Eggleston","28"
"Sonia Gregory","28"
"Evelyn Morgan","28"
"Brittany Riley","28"
"Joyce Edwards","28"
"Gina Williamson","28"
"Brandy Graves","28"
"Betty White","28"
"Tracy Herrmann","28"
"Stephen Qualls","28"
"Kristina Chambers","28"
"Diana Alexander","27"
"Erin Dunn","27"
"Tracey Barrett","27"
"Ross Grey","27"
"Misty Lambert","27"
"Earl Shanks","27"
"Cheryl Murphy","27"
"Jenny Castro","27"
"Janet Phillips","27"
"Virgil Wofford","27"
"Pauline Henry","27"
"Charlene Alvarez","27"
"Eric Robert","27"
"Kent Arsenault","27"
"Patricia Johnson","27"
"Ian Still","27"
"Rick Mattox","27"
"Amanda Carter","27"
"Jean Bell","27"
"Jeanne Lawson","27"
"Clifton Malcolm","27"
"Gene Sanborn","27"
"Yolanda Weaver","27"
"Velma Lucas","27"
"Lee Hawks","27"
"Dean Sauer","27"
"Daryl Larue","27"
"Dale Ratcliff","27"
"Bradley Motley","27"
"Terri Vasquez","27"
"Denise Kelly","27"
"Victoria Gibson","27"
"Allison Stanley","27"
"Amber Dixon","27"
"Karen Jackson","27"
"Eddie Tomlin","27"
"Megan Palmer","27"
"Andrew Purdy","27"
"Eduardo Hiatt","27"
"Kathleen Adams","27"
"Martin Bales","27"
"Edna West","26"
"Francis Sikes","26"
"Arlene Harvey","26"
"Shelly Watts","26"
"Norman Currier","26"
"Dawn Sullivan","26"
"Marlene Welch","26"
"Kathryn Coleman","26"
"Miriam Mckinney","26"
"Larry Thrasher","26"
"Dustin Gillette","26"
"Micheal Forman","26"
"Hector Poindexter","26"
"Ivan Cromwell","26"
"Keith Rico","26"
"April Burns","26"
"Erika Pena","26"
"Carmen Owens","26"
"Charlie Bess","26"
"Josephine Gomez","26"
"Alfred Casillas","26"
"Dolores Wagner","26"
"Sergio Stanfield","26"
"Carla Gutierrez","26"
"Jay Robb","26"
"Lucy Wheeler","26"
"Gabriel Harder","26"
"Claudia Fuller","26"
"Deanna Byrd","26"
"Melvin Ellington","26"
"Alan Kahn","26"
"David Royal","26"
"Phillip Holm","26"
"Mark Rinehart","26"
"Glen Talbert","26"
"Ben Easter","26"
"Valerie Black","26"
"Georgia Jacobs","26"
"Willie Howell","26"
"Marie Turner","26"
"Jesse Schilling","26"
"William Satterfield","26"
"Howard Fortner","26"
"Cecil Vines","26"
"Beatrice Arnold","26"
"Renee Lane","26"
"Clayton Barbee","26"
"Linda Williams","26"
"Rene Mcalister","26"
"Brenda Wright","26"
"Jessie Banks","26"
"Elmer Noe","26"
"Billie Horton","26"
"Bertha Ferguson","25"
"Douglas Graf","25"
"Ashley Richardson","25"
"Jose Andrew","25"
"Beth Franklin","25"
"Gail Knight","25"
"Milton Howland","25"
"Travis Estep","25"
"Judy Gray","25"
"Lillian Griffin","25"
"Ernest Stepp","25"
"Ricky Shelby","25"
"Vincent Ralston","25"
"Gary Coy","25"
"Gwendolyn May","25"
"Richard Mccrary","25"
"Darrell Power","25"
"Constance Reid","25"
"Tamara Nguyen","25"
"Stephanie Mitchell","25"
"Leon Bostic","25"
"Louise Jenkins","25"
"Seth Hannon","25"
"Ronnie Ricketts","25"
"Freddie Duggan","25"
"Wallace Slone","25"
"Claude Herzog","25"
"Vicki Fields","25"
"Jamie Waugh","25"
"Andy Vanhorn","25"
"Willie Markham","25"
"Kimberly Lee","25"
"Don Bone","25"
"Mildred Bailey","25"
"Chad Carbone","25"
"Fred Wheat","25"
"Brad Mccurdy","25"
"Dorothy Taylor","25"
"Fernando Churchill","25"
"Scott Shelley","25"
"Danielle Daniels","25"
"Jackie Lynch","25"
"Melanie Armstrong","25"
"Kelly Knott","25"
"Edgar Rhoads","25"
"Katie Elliott","25"
"Thomas Grigsby","25"
"Sidney Burleson","25"
"Leah Curtis","25"
"Clinton Buford","25"
"Beverly Brooks","24"
"Lisa Anderson","24"
"Charlotte Hunter","24"
"Pedro Chestnut","24"
"Ruth Martinez","24"
"Peggy Myers","24"
"Bobbie Craig","24"
"Tyrone Asher","24"
"Emily Diaz","24"
"Felix Gaffney","24"
"Annette Olson","24"
"Bob Pfeiffer","24"
"Christine Roberts","24"
"Robin Hayes","24"
"Victor Barkley","24"
"Elaine Stevens","24"
"Suzanne Nichols","24"
"Cory Meehan","24"
"Christian Jung","24"
"Susan Wilson","24"
"Darren Windham","24"
"Jack Foust","24"
"Shannon Freeman","24"
"Myrtle Fleming","24"
"Jon Wiles","24"
"Sam Mcduffie","24"
"Aaron Selby","24"
"Perry Swafford","24"
"Lydia Burke","24"
"Colleen Burton","24"
"Jesus Mccartney","24"
"Rebecca Scott","24"
"Chester Benner","24"
"Johnnie Chisholm","24"
"Rita Graham","24"
"Max Pitt","24"
"Albert Crouse","23"
"Dora Medina","23"
"Jeffrey Spear","23"
"Bruce Schwarz","23"
"Darryl Ashcraft","23"
"Juan Fraley","23"
"Marshall Thorn","23"
"Stacy Cunningham","23"
"Irene Price","23"
"Sean Douglass","23"
"Agnes Bishop","23"
"Glenn Pullen","23"
"Phyllis Foster","23"
"Roberta Harper","23"
"Anne Powell","23"
"Carl Artis","23"
"Joel Francisco","23"
"Rodney Moeller","23"
"Joan Cooper","23"
"Leo Ebert","23"
"Donald Mahon","23"
"Marian Mendoza","23"
"Randall Neumann","23"
"Benjamin Varney","23"
"Samantha Duncan","23"
"Gregory Mauldin","23"
"Vivian Ruiz","23"
"Paul Trout","23"
"Pamela Baker","23"
"Connie Wallace","23"
"Lillie Kim","23"
"Carlos Coughlin","23"
"Peter Menard","23"
"Natalie Meyer","23"
"Emma Boyd","23"
"Margaret Moore","23"
"Calvin Martel","23"
"Ron Deluca","23"
"Ida Andrews","23"
"Toni Holt","23"
"Kurt Emmons","23"
"Edwin Burk","23"
"Laurie Lawrence","23"
"Brent Harkins","23"
"Roland South","23"
"Bernard Colby","22"
"Nicole Peterson","22"
"Stella Moreno","22"
"Kelly Torres","22"
"Shane Millard","22"
"Corey Hauser","22"
"Wade Delvalle","22"
"Frances Parker","22"
"Dan Paine","22"
"Doris Reed","22"
"Leslie Gordon","22"
"Kevin Schuler","22"
"Rachel Barnes","22"
"Francisco Skidmore","22"
"Erica Matthews","22"
"Pearl Garza","22"
"Barbara Jones","22"
"Lance Pemberton","22"
"Ray Houle","22"
"Mathew Bolin","22"
"Rose Howard","22"
"Loretta Carpenter","22"
"Chris Brothers","22"
"Harvey Guajardo","22"
"Timothy Bunn","22"
"Andrea Henderson","22"
"Adam Gooch","22"
"Cody Nolen","22"
"Dwayne Olvera","22"
"Carol Garcia","22"
"Laura Rodriguez","22"
"Derrick Bourque","22"
"Mattie Hoffman","22"
"Franklin Troutman","22"
"Willard Lumpkin","22"
"Nellie Garrett","21"
"Delores Hansen","21"
"Tyler Wren","21"
"Kim Cruz","21"
"Robert Baughman","21"
"Rafael Abney","21"
"Samuel Marlow","21"
"Marvin Yee","21"
"Tony Carranza","21"
"Maureen Little","21"
"Yvonne Watkins","21"
"Allen Butterfield","21"
"Alberto Henning","21"
"Alicia Mills","21"
"Jill Hawkins","21"
"Danny Isom","21"
"Donna Thompson","21"
"Armando Gruber","21"
"Ruben Geary","21"
"Hugh Waldrop","21"
"Norma Gonzales","21"
"Bonnie Hughes","21"
"Lorraine Stephens","21"
"Frederick Isbell","21"
"Jacob Lance","21"
"Anna Hill","21"
"Julio Noland","21"
"Ricardo Meador","21"
"Tara Ryan","20"
"Nelson Christenson","20"
"Terry Grissom","20"
"Jeanette Greene","20"
"Daniel Cabral","20"
"Kay Caldwell","20"
"Lauren Hudson","20"
"Luis Yanez","20"
"Raul Fortier","20"
"Wilma Richards","20"
"Alfredo Mcadams","20"
"Jo Fowler","20"
"Oscar Aquino","20"
"Herbert Kruger","20"
"Anthony Schwab","20"
"Austin Cintron","19"
"Lloyd Dowd","19"
"Johnny Turpin","19"
"Adrian Clary","19"
"Edith Mcdonald","19"
"Allan Cornish","19"
"Eugene Culpepper","19"
"Lewis Lyman","19"
"Vanessa Sims","19"
"Wayne Truong","19"
"Kirk Stclair","19"
"Jared Ely","19"
"Eva Ramos","18"
"Paula Bryant","18"
"Penny Neal","18"
"Irma Pearson","18"
"Annie Russell","18"
"Eileen Carr","18"
"Vera Mccoy","18"
"Kristen Chavez","18"
"Vernon Chapa","18"
"Jonathan Scarborough","18"
"Sheila Wells","18"
"Christina Ramirez","18"
"Henry Billingsley","18"
"Lonnie Tirado","18"
"Kenneth Gooden","17"
"Melinda Fernandez","17"
"Dwight Lombardi","17"
"Floyd Gandy","17"
"Ann Evans","17"
"Jerome Kenyon","16"
"Lester Kraus","16"
"Joann Gardner","16"
"Antonio Meek","16"
"Anita Morales","15"
"Caroline Bowman","15"
"Katherine Rivera","14"
"Tiffany Jordan","14"
"Leona Obrien","14"
"Brian Wyman","12"
