"title","full_name","no_of_rental"
"Caddyshack Jedi","George Linton","3"
"Detective Vision","Randy Gaither","3"
"Flatliners Killer","Edward Baugh","3"
"Disciple Mother","Thelma Murray","3"
"Minds Truman","Steve Mackenzie","2"
"Alaska Phantom","Byron Box","2"
"Midsummer Groundhog","Timothy Bunn","2"
"Fantasy Troopers","Theresa Watson","2"
"Easy Gladiator","Ronald Weiner","2"
"Outlaw Hanky","Kristin Johnston","2"
"Steel Santa","Charlie Bess","2"
"Alaska Phantom","Bernard Colby","2"
"Bucket Brotherhood","Ana Bradley","2"
"Suspects Quills","Glenn Pullen","2"
"Witches Panic","Catherine Campbell","2"
"Virgin Daisy","Neil Renner","2"
"Coldblooded Darling","Steven Curley","2"
"Untouchables Sunrise","Samuel Marlow","2"
"Effect Gladiator","Derrick Bourque","2"
"Telemark Heartbreakers","Maria Miller","2"
"Jerk Paycheck","Esther Crawford","2"
"Lovely Jingle","Yolanda Weaver","2"
"Oscar Gold","Casey Mena","2"
"Driver Annie","Courtney Day","2"
"Daughter Madigan","Eduardo Hiatt","2"
"Coneheads Smoochy","Erica Matthews","2"
"Model Fish","Marc Outlaw","2"
"Kiss Glory","Maurice Crawley","2"
"Frost Head","Holly Fox","2"
"Doom Dancing","Jean Bell","2"
"Truman Crazy","Allen Butterfield","2"
"Rocketeer Mother","Debra Nelson","2"
"Breakfast Goldfinger","Marilyn Ross","2"
"Love Suicides","Dora Medina","2"
"Massacre Usual","Barry Lovelace","2"
"Sinners Atlantis","Vincent Ralston","2"
"Slacker Liaisons","Kent Arsenault","2"
"Trip Newton","Tracey Barrett","2"
"Horror Reign","Brett Cornwell","2"
"Center Dinosaur","Hugh Waldrop","2"
"Rocketeer Mother","Marian Mendoza","2"
"Blackout Private","Derrick Bourque","2"
"Campus Remember","Becky Miles","2"
"Masked Bubble","Judith Cox","2"
"Hyde Doctor","Vickie Brewer","2"
"Wait Cider","Travis Estep","2"
"Intrigue Worst","Ernest Stepp","2"
"Glass Dying","Jerome Kenyon","2"
"Fantasia Park","Randall Neumann","2"
"Mallrats United","Thelma Murray","2"
"Patton Interview","Stephen Qualls","2"
"Fiction Christmas","Wallace Slone","2"
"Suit Walls","Maurice Crawley","2"
"Words Hunter","Sally Pierce","2"
"Movie Shakespeare","Billy Poulin","2"
"Operation Operation","Melanie Armstrong","2"
"Gentlemen Stage","Tom Milner","2"
"Innocent Usual","Mike Way","2"
"Dawn Pond","Rhonda Kennedy","2"
"Jet Neighbors","Theodore Culp","2"
"Gun Bonnie","Dale Ratcliff","2"
"Rush Goodfellas","Leon Bostic","2"
"Whisperer Giant","Tim Cary","2"
"Seabiscuit Punk","Sherry Marshall","2"
"Fellowship Autumn","Brandon Huey","2"
"Virginian Pluto","Melissa King","2"
"Mighty Luck","Erin Dunn","2"
"Moon Bunch","Richard Mccrary","2"
"Patient Sister","Mary Smith","2"
"Wagon Jaws","Michelle Clark","2"
"Lola Agent","Ken Prewitt","2"
"Alamo Videotape","Viola Hanson","2"
"Birdcage Casper","Theresa Watson","2"
"Deer Virginian","Todd Tan","2"
"Talented Homicide","Ruth Martinez","2"
"Dangerous Uptown","Gerald Fultz","2"
"Jet Neighbors","Joe Gilliland","2"
"Telemark Heartbreakers","Lance Pemberton","2"
"Mourning Purple","Sarah Lewis","2"
"Chill Luck","Ernest Stepp","2"
"Bingo Talented","Sherry Marshall","2"
"Angels Life","Cathy Spencer","2"
"Witches Panic","Ruby Washington","2"
"Wedding Apollo","Karl Seal","2"
"Musketeers Wait","Thelma Murray","2"
"Hunter Alter","Terri Vasquez","2"
"Mask Peach","Carlos Coughlin","2"
"Outbreak Divine","Elmer Noe","2"
"Cat Coneheads","Cecil Vines","2"
"Sleuth Orient","Brandy Graves","2"
"Dinosaur Secretary","Carrie Porter","2"
"House Dynamite","Jim Rea","2"
"Wife Turn","Marion Snyder","2"
"Rock Instinct","Nancy Thomas","2"
"Zorro Ark","Tracy Cole","2"
"Cheaper Clyde","Darrell Power","2"
"Moon Bunch","Wesley Bull","2"
"Boiled Dares","Jordan Archuleta","2"
"Caddyshack Jedi","Charlene Alvarez","2"
"Badman Dawn","Carolyn Perez","2"
"Streetcar Intentions","Sara Perry","2"
"Westward Seabiscuit","Harold Martino","2"
"Memento Zoolander","Michael Silverman","2"
"California Birds","Johnnie Chisholm","2"
"Gentlemen Stage","Helen Harris","2"
"Reign Gentlemen","Mae Fletcher","2"
"Tramp Others","Mabel Holland","2"
"Deer Virginian","Roger Quintanilla","2"
"Minority Kiss","Tanya Gilbert","2"
"Whisperer Giant","Vickie Brewer","2"
"Empire Malkovich","Melissa King","2"
"Gunfight Moon","Billie Horton","2"
"Expendable Stallion","Dolores Wagner","2"
"Bedazzled Married","Tanya Gilbert","2"
"Gleaming Jawbreaker","Melissa King","2"
"Fireball Philadelphia","Mary Smith","2"
"Wife Turn","George Linton","2"
"Videotape Arsenic","Curtis Irby","2"
"Durham Panky","Rick Mattox","2"
"Princess Giant","Emily Diaz","2"
"Pollock Deliverance","Raymond Mcwhorter","2"
"Sons Interview","Louis Leone","2"
"Wedding Apollo","Elsie Kelley","2"
"Grinch Massage","Tonya Chapman","2"
"Lies Treatment","Lee Hawks","2"
"Insider Arizona","Kathleen Adams","2"
"Gunfight Moon","Cheryl Murphy","2"
"Mallrats United","Clifford Bowens","2"
"Oz Liaisons","Chester Benner","2"
"Juggler Hardly","Darren Windham","2"
"Malkovich Pet","Susan Wilson","2"
"Frost Head","Cassandra Walters","2"
"Suspects Quills","Carolyn Perez","2"
"Roxanne Rebel","Courtney Day","2"
"Streetcar Intentions","Ana Bradley","2"
"Roses Treasure","Ben Easter","2"
"Contact Anonymous","Bobby Boudreau","2"
"Goldmine Tycoon","Billy Poulin","2"
"Voyage Legally","Denise Kelly","2"
"Metal Armageddon","Lucy Wheeler","2"
"Sun Confessions","Wanda Patterson","2"
"Fantasy Troopers","Matthew Mahan","2"
"Rush Goodfellas","Dave Gardiner","2"
"Fellowship Autumn","Frances Parker","2"
"Kwai Homeward","Harry Arce","2"
"American Circus","Frances Parker","2"
"Usual Untouchables","Beverly Brooks","2"
"Lose Inch","Michelle Clark","2"
"Rock Instinct","Ken Prewitt","2"
"Center Dinosaur","Lena Jensen","2"
"Massacre Usual","Christina Ramirez","2"
"Vietnam Smoochy","Lloyd Dowd","2"
"Trip Newton","Daryl Larue","2"
"Pond Seattle","Angel Barclay","2"
"Wash Heavenly","Edith Mcdonald","2"
"English Bulworth","Jennifer Davis","2"
"Graduate Lord","Manuel Murrell","2"
"Others Soup","Audrey Ray","2"
"Knock Warlock","Claude Herzog","2"
"Chicago North","Alvin Deloach","2"
"Wife Turn","April Burns","2"
"Outbreak Divine","Wesley Bull","2"
"Command Darling","Claudia Fuller","2"
"Neighbors Charade","Jason Morrissey","2"
"Virginian Pluto","Cindy Fisher","2"
"Jekyll Frogmen","Glenda Frazier","2"
"Candidate Perdition","Helen Harris","2"
"Stagecoach Armageddon","Ramona Hale","2"
"Eagles Panky","Christy Vargas","2"
"Titans Jerk","Kevin Schuler","2"
"Rouge Squad","Kim Cruz","2"
"Sleepless Monsoon","Stacey Montgomery","2"
"Double Wrath","Russell Brinson","2"
"Boogie Amelie","Adrian Clary","2"
"Caribbean Liberty","Daniel Cabral","2"
"Yentl Idaho","Carol Garcia","2"
"Dancing Fever","Veronica Stone","2"
"Strangers Graffiti","Duane Tubbs","2"
"Primary Glass","Roger Quintanilla","2"
"Midnight Westward","Alexander Fennell","2"
"Sleuth Orient","Jennifer Davis","2"
"Hunger Roof","Gregory Mauldin","2"
"Wait Cider","Teresa Rogers","2"
"Sunrise League","Katie Elliott","2"
"American Circus","Erika Pena","2"
"Lust Lock","Maurice Crawley","2"
"Affair Prejudice","Carmen Owens","2"
"Movie Shakespeare","Priscilla Lowe","2"
"Camelot Vacation","Clarence Gamez","2"
"Moonshine Cabin","Doris Reed","2"
"Shawshank Bubble","Christine Roberts","2"
"Titanic Boondock","Raymond Mcwhorter","2"
"Videotape Arsenic","Amanda Carter","2"
"Drifter Commandments","Aaron Selby","2"
"Suspects Quills","Gloria Cook","2"
"Curtain Videotape","Rodney Moeller","2"
"Clones Pinocchio","Eduardo Hiatt","2"
"Notorious Reunion","Leonard Schofield","2"
"Tights Dawn","Brandon Huey","2"
"Orient Closer","Thelma Murray","2"
"Saddle Antitrust","Leah Curtis","2"
"Eyes Driving","Jason Morrissey","2"
"Roman Punk","Leonard Schofield","2"
"Empire Malkovich","Shirley Allen","2"
"None Spiking","Andy Vanhorn","2"
"Sweethearts Suspects","Felix Gaffney","2"
"Snatch Slipper","Duane Tubbs","2"
"Butterfly Chocolat","Donald Mahon","2"
"Wonderland Christmas","Melvin Ellington","2"
"Liaisons Sweet","Jimmie Eggleston","2"
"Philadelphia Wife","Marshall Thorn","2"
"Flying Hook","Alma Austin","2"
