"number_special_feature","special_features","count"
1,"{Trailers}","72"
1,"{""Deleted Scenes""}","61"
1,"{Commentaries}","62"
1,"{""Behind the Scenes""}","70"
2,"{Trailers,""Behind the Scenes""}","72"
2,"{Trailers,Commentaries}","72"
2,"{""Deleted Scenes"",""Behind the Scenes""}","71"
2,"{Commentaries,""Deleted Scenes""}","65"
2,"{Commentaries,""Behind the Scenes""}","70"
2,"{Trailers,""Deleted Scenes""}","66"
3,"{Trailers,""Deleted Scenes"",""Behind the Scenes""}","49"
3,"{Commentaries,""Deleted Scenes"",""Behind the Scenes""}","66"
3,"{Trailers,Commentaries,""Deleted Scenes""}","64"
3,"{Trailers,Commentaries,""Behind the Scenes""}","79"
4,"{Trailers,Commentaries,""Deleted Scenes"",""Behind the Scenes""}","61"
